[
  {
    "Key": "",
    "Dir": "."
  },
  {
    "Key": "alb",
    "Source": "./modules/alb",
    "Dir": "modules\\alb"
  },
  {
    "Key": "bastion",
    "Source": "./modules/bastion",
    "Dir": "modules\\bastion"
  },
  {
    "Key": "dynamodb",
    "Source": "./modules/dynamodb",
    "Dir": "modules\\dynamodb"
  },
  {
    "Key": "eks",
    "Source": "./modules/eks",
    "Dir": "modules\\eks"
  },
  {
    "Key": "network",
    "Source": "./modules/network",
    "Dir": "modules\\network"
  },
  {
    "Key": "rds",
    "Source": "./modules/rds",
    "Dir": "modules\\rds"
  },
  {
    "Key": "security",
    "Source": "./modules/security",
    "Dir": "modules\\security"
  }
]